{"cameraMode":{"drawMode":0,"name":"Shaded","section":"Shading Mode"},"sceneLighting":true,"audioPlay":false,"sceneViewState":{"m_AlwaysRefresh":false,"showFog":true,"showSkybox":false,"showFlares":true,"showImageEffects":true,"showParticleSystems":true,"showVisualEffectGraphs":true,"m_FxEnabled":true},"in2DMode":false,"pivot":{"x":-0.34746503829956057,"y":-0.046906232833862308,"z":-0.28003978729248049},"rotation":{"x":-0.09531509876251221,"y":-0.9026479721069336,"z":0.26791998744010928,"w":-0.32351502776145937},"size":2.3215208053588869,"orthographic":false}