{"cameraMode":{"drawMode":0,"name":"Shaded","section":"Shading Mode"},"sceneLighting":false,"audioPlay":false,"sceneViewState":{"m_AlwaysRefresh":false,"showFog":true,"showSkybox":false,"showFlares":true,"showImageEffects":true,"showParticleSystems":true,"showVisualEffectGraphs":true,"m_FxEnabled":true},"in2DMode":false,"pivot":{"x":29.11261749267578,"y":5.469186305999756,"z":7.679344177246094},"rotation":{"x":-0.0008156410767696798,"y":-0.9945034384727478,"z":0.019831335172057153,"w":-0.1057296171784401},"size":11.852264404296875,"orthographic":false}