{"cameraMode":{"drawMode":0,"name":"Shaded","section":"Shading Mode"},"sceneLighting":true,"audioPlay":false,"sceneViewState":{"m_AlwaysRefresh":false,"showFog":true,"showSkybox":false,"showFlares":true,"showImageEffects":true,"showParticleSystems":true,"showVisualEffectGraphs":true,"m_FxEnabled":true},"in2DMode":false,"pivot":{"x":-3.421455144882202,"y":-0.8800740838050842,"z":12.556556701660157},"rotation":{"x":-0.023272007703781129,"y":-0.3817596435546875,"z":-0.009638454765081406,"w":0.9239440560340881},"size":6.363643646240234,"orthographic":false}